UPC,Name,Price
596020000001,POE Injector,9.99
596020000002,Lenovo power adapter,4
596020000003,Zozo AC Adapter,4
596020000004,Switching Adapter (19v),4
596020000005,USB Extensions,12.99
596020000006,Gamecube Power Adapter,9.99
596020000007,HTC Vive Headphone Cable,3.99
596020000009,Smartwatch Charger,10
596020000010,Behringher Power Supply,4
596020000011,HDMI Cables,36.3
596020000012,Apple Lightning Cables,23.34
596020000013,USB Micro B,12
596020000014,Canakit usb c charger,4
596020000015,Wall charger 19V .6A,4
596020000016,Nintendo Mini A Charger,4
596020000017,Ethernet Patch Cables (misc),10
596020000018,Headphone Patch (male-to-male),12.99
596020000019,Skullcandy Headphones,11.99
596020000021,9v amp charger 1spot,10
596020000022,USB B Cables,4
